assay_name,assay_file,num_variants,activity_rho,activity_pval,stability_rho,stability_pval,expression_rho,expression_pval,overall_rho
BLAT_ECOLX_Firnberg_2014,data/proteingym/DMS_ProteinGym_substitutions\BLAT_ECOLX_Firnberg_2014.csv,20,-0.3203007518796992,0.1685770430646261,0.3203007518796992,0.1685770430646261,0.010542180630110738,0.9648156695191985,0.0035140602100369126
GFP_AEQVI_Sarkisyan_2016,data/proteingym/DMS_ProteinGym_substitutions\GFP_AEQVI_Sarkisyan_2016.csv,20,-0.29473684210526313,0.20713542085215372,0.29473684210526313,0.20713542085215372,-0.10075187969924812,0.6725564354857818,-0.033583959899749376
