rank,seq_id,final_score
1,FAST_PETase|S121E_D186H_R224Q_N233K_R280E,0.9084745760556474
2,S238F_W159H|IsPETase_mutations,0.8852380950064622
3,IsPETase_WT|P0C395|Ideonella_sakaiensis,0.4771428570532839
4,Bhr_NMT|H218N_F222M_F243T,0.4293866020139789
5,HotPETase|Humicola_insolens|thermostable,0.40829701363689597
6,LCC_ICCG|I208C_G263C,0.23720742528481326
7,LCC_WT|Thermobifida_fusca,0.21945117024050825
8,YITA|LCC_H183Y_L202I_I208T_T153A,0.10169491521286982
