seq_id,activity_score,stability_score,expression_score
IsPETase_WT|P0C395|Ideonella_sakaiensis,0.7142857141465677,0.0,0.5999999999000002
FAST_PETase|S121E_D186H_R224Q_N233K_R280E,0.9999999998051948,0.6949152539546111,0.9999999998333333
Bhr_NMT|H218N_F222M_F243T,0.5714285713172542,0.06779661014191336,0.616666666563889
S238F_W159H|IsPETase_mutations,0.8571428569758812,0.9999999995932203,0.7833333332027778
LCC_WT|Thermobifida_fusca,0.14285714282931358,0.2711864405676531,0.3333333332777778
LCC_ICCG|I208C_G263C,0.2857142856586271,0.20338983042573974,0.1666666666388889
YITA|LCC_H183Y_L202I_I208T_T153A,0.0,0.33898305070956614,0.0
HotPETase|Humicola_insolens|thermostable,0.4285714284879406,0.13559322028382637,0.7666666665388889
